[
{
    "pk": 1,
    "model": "character.characterhastext",
    "fields": {
        "trait": 1,
        "character": 1,
        "text": "Stuff happened to me..."
    }
},
{
    "pk": 2,
    "model": "character.characterhastext",
    "fields": {
        "trait": 3,
        "character": 1,
        "text": "Please give me stuff. :)"
    }
},
{
    "pk": 3,
    "model": "character.characterhastext",
    "fields": {
        "trait": 4,
        "character": 1,
        "text": "I can't believe that happened to him.\r\n\r\nWe shouldn't give him stuff."
    }
},
{
    "pk": 1,
    "model": "character.characterhasattribute",
    "fields": {
        "trait": 1,
        "character": 1,
        "rating": 3
    }
},
{
    "pk": 2,
    "model": "character.characterhasattribute",
    "fields": {
        "trait": 2,
        "character": 1,
        "rating": 4
    }
},
{
    "pk": 3,
    "model": "character.characterhasattribute",
    "fields": {
        "trait": 3,
        "character": 1,
        "rating": 3
    }
},
{
    "pk": 4,
    "model": "character.characterhasattribute",
    "fields": {
        "trait": 4,
        "character": 1,
        "rating": 1
    }
},
{
    "pk": 5,
    "model": "character.characterhasattribute",
    "fields": {
        "trait": 5,
        "character": 1,
        "rating": 4
    }
},
{
    "pk": 6,
    "model": "character.characterhasattribute",
    "fields": {
        "trait": 6,
        "character": 1,
        "rating": 1
    }
},
{
    "pk": 7,
    "model": "character.characterhasattribute",
    "fields": {
        "trait": 7,
        "character": 1,
        "rating": 2
    }
},
{
    "pk": 8,
    "model": "character.characterhasattribute",
    "fields": {
        "trait": 8,
        "character": 1,
        "rating": 4
    }
},
{
    "pk": 9,
    "model": "character.characterhasattribute",
    "fields": {
        "trait": 9,
        "character": 1,
        "rating": 2
    }
},
{
    "pk": 1,
    "model": "character.characterhasskill",
    "fields": {
        "trait": 1,
        "character": 1,
        "rating": 0
    }
},
{
    "pk": 2,
    "model": "character.characterhasskill",
    "fields": {
        "trait": 17,
        "character": 1,
        "rating": 0
    }
},
{
    "pk": 3,
    "model": "character.characterhasskill",
    "fields": {
        "trait": 9,
        "character": 1,
        "rating": 3
    }
},
{
    "pk": 4,
    "model": "character.characterhasskill",
    "fields": {
        "trait": 16,
        "character": 1,
        "rating": 3
    }
},
{
    "pk": 5,
    "model": "character.characterhasskill",
    "fields": {
        "trait": 6,
        "character": 1,
        "rating": 3
    }
},
{
    "pk": 6,
    "model": "character.characterhasskill",
    "fields": {
        "trait": 21,
        "character": 1,
        "rating": 4
    }
},
{
    "pk": 7,
    "model": "character.characterhasskill",
    "fields": {
        "trait": 19,
        "character": 1,
        "rating": 3
    }
},
{
    "pk": 3,
    "model": "character.characterhasskillspecialty",
    "fields": {
        "trait": 6,
        "character": 1,
        "specialty": "secret ritual"
    }
},
{
    "pk": 4,
    "model": "character.characterhasskillspecialty",
    "fields": {
        "trait": 19,
        "character": 1,
        "specialty": "monologues"
    }
},
{
    "pk": 5,
    "model": "character.characterhasskillspecialty",
    "fields": {
        "trait": 16,
        "character": 1,
        "specialty": "rapier"
    }
},
{
    "pk": 1,
    "model": "character.characterhaspower",
    "fields": {
        "trait": 11,
        "character": 1
    }
},
{
    "pk": 2,
    "model": "character.characterhaspower",
    "fields": {
        "trait": 74,
        "character": 1
    }
},
{
    "pk": 3,
    "model": "character.characterhaspower",
    "fields": {
        "trait": 78,
        "character": 1
    }
},
{
    "pk": 5,
    "model": "character.characterhaspower",
    "fields": {
        "trait": 76,
        "character": 1
    }
},
{
    "pk": 6,
    "model": "character.characterhaspower",
    "fields": {
        "trait": 75,
        "character": 1
    }
},
{
    "pk": 1,
    "model": "character.characterhasmerit",
    "fields": {
        "trait": 19,
        "specification": "",
        "character": 1,
        "description": "",
        "rating": 2
    }
},
{
    "pk": 3,
    "model": "character.characterhasmerit",
    "fields": {
        "trait": 46,
        "specification": "",
        "character": 1,
        "description": "",
        "rating": 2
    }
},
{
    "pk": 4,
    "model": "character.characterhasmerit",
    "fields": {
        "trait": 11,
        "specification": "French",
        "character": 1,
        "description": null,
        "rating": 1
    }
},
{
    "pk": 1,
    "model": "character.characterhasflaw",
    "fields": {
        "trait": 9,
        "specification": "",
        "character": 1,
        "description": "These are my nightmares!"
    }
},
{
    "pk": 2,
    "model": "character.characterhasflaw",
    "fields": {
        "trait": 14,
        "specification": null,
        "character": 1,
        "description": null
    }
},
{
    "pk": 3,
    "model": "character.characterhasflaw",
    "fields": {
        "trait": 11,
        "specification": "redcoats",
        "character": 1,
        "description": null
    }
},
{
    "pk": 4,
    "model": "character.characterhasflaw",
    "fields": {
        "trait": 34,
        "specification": "bullet wounds",
        "character": 1,
        "description": null
    }
},
{
    "pk": 1,
    "model": "character.characterhasderangement",
    "fields": {
        "trait": 7,
        "specification": "coins",
        "character": 1,
        "description": null
    }
},
{
    "pk": 1,
    "model": "character.characterhascombattrait",
    "fields": {
        "trait": 1,
        "character": 1,
        "rating": 5
    }
},
{
    "pk": 2,
    "model": "character.characterhascombattrait",
    "fields": {
        "trait": 2,
        "character": 1,
        "rating": 0
    }
},
{
    "pk": 3,
    "model": "character.characterhascombattrait",
    "fields": {
        "trait": 3,
        "character": 1,
        "rating": 4
    }
},
{
    "pk": 4,
    "model": "character.characterhascombattrait",
    "fields": {
        "trait": 4,
        "character": 1,
        "rating": 6
    }
},
{
    "pk": 5,
    "model": "character.characterhascombattrait",
    "fields": {
        "trait": 5,
        "character": 1,
        "rating": 8
    }
},
{
    "pk": 6,
    "model": "character.characterhascombattrait",
    "fields": {
        "trait": 6,
        "character": 1,
        "rating": 10
    }
},
{
    "pk": 7,
    "model": "character.characterhascombattrait",
    "fields": {
        "trait": 7,
        "character": 1,
        "rating": 5
    }
},
{
    "pk": 1,
    "model": "character.characterhasmisctrait",
    "fields": {
        "trait": 1,
        "character": 1,
        "description": "",
        "rating": 5
    }
},
{
    "pk": 2,
    "model": "character.characterhasmisctrait",
    "fields": {
        "trait": 2,
        "character": 1,
        "description": "",
        "rating": 5
    }
},
{
    "pk": 3,
    "model": "character.characterhasmisctrait",
    "fields": {
        "trait": 3,
        "character": 1,
        "description": "",
        "rating": 3
    }
},
{
    "pk": 1,
    "model": "chronicle.game",
    "fields": {
        "date": "2013-08-03",
        "enabled": true,
        "name": "Game 1",
        "chronicle": 1
    }
},
{
    "pk": 2,
    "model": "chronicle.game",
    "fields": {
        "date": "2013-08-17",
        "enabled": true,
        "name": "Game 2",
        "chronicle": 1
    }
},
{
    "pk": 3,
    "model": "chronicle.game",
    "fields": {
        "date": "2013-08-31",
        "enabled": true,
        "name": "Game 3",
        "chronicle": 1
    }
},
{
    "pk": 1,
    "model": "auth.group",
    "fields": {
        "name": "storyteller",
        "permissions": []
    }
},
{
    "pk": 1,
    "model": "auth.user",
    "fields": {
        "username": "admin",
        "first_name": "",
        "last_name": "",
        "is_active": true,
        "is_superuser": true,
        "is_staff": true,
        "last_login": "2013-09-14T17:51:39.765Z",
        "groups": [],
        "user_permissions": [],
        "password": "pbkdf2_sha256$10000$fc3Y9iOTr6Ul$NcWH0M0zT1FXM+gmReXesvBrLEEAT2yhKPzxWz6IXFY=",
        "email": "test@fake.com",
        "date_joined": "2013-08-05T22:09:12.942Z"
    }
},
{
    "pk": 2,
    "model": "auth.user",
    "fields": {
        "username": "player_1",
        "first_name": "",
        "last_name": "",
        "is_active": true,
        "is_superuser": false,
        "is_staff": false,
        "last_login": "2013-09-14T17:42:14.988Z",
        "groups": [],
        "user_permissions": [],
        "password": "pbkdf2_sha256$10000$vVriwetYscFr$W1JPPT/1GfKG2YGu0yk7j/tesest0E7pyDH3ilZq8MA=",
        "email": "",
        "date_joined": "2013-08-05T22:10:46.364Z"
    }
},
{
    "pk": 3,
    "model": "auth.user",
    "fields": {
        "username": "st_1",
        "first_name": "Storyteller I",
        "last_name": "",
        "is_active": true,
        "is_superuser": false,
        "is_staff": false,
        "last_login": "2013-09-14T17:52:20.026Z",
        "groups": [
            1
        ],
        "user_permissions": [],
        "password": "pbkdf2_sha256$10000$4NW8hObh4JrZ$VB5wLTaFpUadJpoFIyKHaf+MKS6e+320xms52uPYwFo=",
        "email": "",
        "date_joined": "2013-09-14T17:49:20Z"
    }
},
{
    "pk": 1,
    "model": "character.character",
    "fields": {
        "status": 10,
        "virtue": 4,
        "name": "Morgan Edwards",
        "genealogy": 1,
        "vice": 4,
        "date_submitted": null,
        "date_last_edited": "2013-09-14T17:52:44.725Z",
        "enabled": true,
        "affiliation": 3,
        "user": 2,
        "creature_type": 3,
        "date_created": "2013-08-06T12:37:41.816Z",
        "date_approved": null,
        "subgroup": null
    }
},
{
    "pk": 1,
    "model": "chronicle.chronicle",
    "fields": {
        "storytellers": [
            1
        ],
        "enabled": true,
        "name": "A Table Before Me; A Knife in my Back",
        "description": ""
    }
}
]
